"Epic","Feature","Story","FAILED","BROKEN","PASSED","SKIPPED","UNKNOWN"
"","JIT-Smoke-009b-PreviewCode-Wawo","","0","0","1","0","0"
"","JIT-Smoke-011c-Export-Nextjs-API-OrangeGym","","0","0","1","0","0"
"","JIT-Smoke-014c-Export-Nextjs-API-Luf","","0","0","1","0","0"
"","JIT-Smoke-015a-Export-RoR-Moment-Global","","0","0","1","0","0"
"","JIT-Smoke-001b-Wawo-Edit-navigate-menu","","0","0","1","0","0"
"","JIT-Smoke-008ca-Export-RoR-Waiwai","","0","0","1","0","0"
"","JIT-Smoke-013c-Export-Nextjs-API-East-and-West","","0","0","1","0","0"
"","JIT-Smoke-001a-BuyGift-Edit-navigate-menu","","0","0","1","0","0"
"","JIT-Smoke-015d-Export-React-Native-Moment Global","","0","0","1","0","0"
"","JIT-Smoke-001c-Waiwai-Edit-navigate-menu","","0","0","1","0","0"
"","JIT-Smoke-008bc-Export-NextJS-Wawo","","0","0","1","0","0"
"","JIT-Smoke-008ad-Export-Nextjs-API-BuyGift","","0","0","1","0","0"
"","JIT-Production-002-Database","","0","0","1","0","0"
"","JIT-Smoke-008bb-Export-ReactNative-Wawo","","0","0","1","0","0"
"","JIT-Smoke-012a-Export-RoR-WowWork","","0","0","1","0","0"
"","JIT-Production-004-API","","0","0","1","0","0"
"","JIT-Smoke-008ab-Export-ReactNative-BuyGift","","0","0","1","0","0"
"","JIT-Smoke-008cb-Export-React-Native-Waiwai","","0","0","1","0","0"
"","JIT-Smoke-012c-Export-Nextjs-API-WowWork","","0","0","1","0","0"
"","JIT-Smoke-011b-Export-NextJS-OrangeGym","","0","0","1","0","0"
"","JIT-Smoke-012b-Export-NextJS-WowWork","","0","0","1","0","0"
"","JIT-Smoke-010b-Export-NextJS-Oops","","0","0","1","0","0"
"","JIT-Smoke-010a-Export-RoR-Oops","","0","0","1","0","0"
"","JIT-Smoke-008cc-Export-NextJS-Waiwai","","0","0","1","0","0"
"","JIT-Smoke-014a-Export-RoR-Luf","","0","0","1","0","0"
"","JIT-Smoke-013b-Export-NextJS-East-and-West","","0","0","1","0","0"
"","JIT-Production-005-Mobile","","0","0","1","0","0"
"","JIT-Smoke-008aa-Export-RoR-BuyGift","","0","0","1","0","0"
"","JIT-Smoke-009c-PreviewCode-Waiwai","","0","0","1","0","0"
"","JIT-Smoke-014b-Export-NextJS-Luf","","0","0","1","0","0"
"","JIT-Smoke-008ba-Export-RoR-Wawo","","0","0","1","0","0"
"","JIT-Smoke-008ac-Export-NextJS-BuyGift","","0","0","1","0","0"
"","JIT-Smoke-008bd-Export-Nextjs-API-Wawo","","0","0","1","0","0"
"","JIT-Smoke-011a-Export-RoR-OrangeGym","","0","0","1","0","0"
"","JIT-Smoke-009a-PreviewCode-BuyGift","","0","0","1","0","0"
"","JIT-Production-003-Module","","0","0","1","0","0"
