"Status","Start Time","Stop Time","Duration in ms","Parent Suite","Suite","Sub Suite","Test Class","Test Method","Name","Description"
"broken","Sun Sep 10 16:56:01 UTC 2023","Sun Sep 10 16:56:32 UTC 2023","31140","","JIT-Web-001f-PAGE-Export-and-import","","JIT-Web-001f-PAGE-Export-and-import","[PAGE] As a user, I can create new screen by import and export the screen","[PAGE] As a user, I can create new screen by import and export the screen",""
"broken","Sun Sep 10 17:49:38 UTC 2023","Sun Sep 10 17:50:10 UTC 2023","31901","","JIT-Mobile-030b-WEBVIEW-General-info","","JIT-Mobile-030b-WEBVIEW-General-info","[MOBILE-WEBVIEW] As a user, I should check the general infomation of Webview is correct: Name, Key, unique key, delete component","[MOBILE-WEBVIEW] As a user, I should check the general infomation of Webview is correct: Name, Key, unique key, delete component",""
"broken","Sun Sep 10 17:58:34 UTC 2023","Sun Sep 10 17:59:06 UTC 2023","31579","","JIT-API-006a-DELETE-check-default","","JIT-API-006a-DELETE-check-default","As a user, I check default value in API DELETE","As a user, I check default value in API DELETE",""
"broken","Sun Sep 10 17:31:05 UTC 2023","Sun Sep 10 17:31:36 UTC 2023","31698","","JIT-Database-017b-COLUMN-INT-FLOAT-Validation-message","","JIT-Database-017b-COLUMN-INT-FLOAT-Validation-message","[COLUMN-INTEGER-VALIDATION] As a user, I validation locale message for INTEGER column type","[COLUMN-INTEGER-VALIDATION] As a user, I validation locale message for INTEGER column type",""
"broken","Sun Sep 10 16:46:44 UTC 2023","Sun Sep 10 16:47:15 UTC 2023","31336","","JIT-Module-014a-BASIC-AUTH-default","","JIT-Module-014a-BASIC-AUTH-default","[BASIC-AUTH] As a user, I can add module Basic Authentication and remove it","[BASIC-AUTH] As a user, I can add module Basic Authentication and remove it",""
"broken","Sun Sep 10 16:47:24 UTC 2023","Sun Sep 10 16:47:55 UTC 2023","31528","","JIT-Module-014b-BASIC-AUTH-edit-infos","","JIT-Module-014b-BASIC-AUTH-edit-infos","[BASIC-AUTH] As a user, I can update module Basic Authentication","[BASIC-AUTH] As a user, I can update module Basic Authentication",""
"broken","Sun Sep 10 17:31:37 UTC 2023","Sun Sep 10 17:32:03 UTC 2023","26562","","JIT-Database-017b-COLUMN-INT-FLOAT-Validation-message","","JIT-Database-017b-COLUMN-INT-FLOAT-Validation-message","[COLUMN-FLOAT-VALIDATION] As a user, I validation locale message for FLOAT column type","[COLUMN-FLOAT-VALIDATION] As a user, I validation locale message for FLOAT column type",""
"broken","Sun Sep 10 17:59:14 UTC 2023","Sun Sep 10 17:59:46 UTC 2023","31681","","JIT-API-007a-GROUP-API-CRUD","","JIT-API-007a-GROUP-API-CRUD","[GROUP-API] Create, update and delete group API","[GROUP-API] Create, update and delete group API",""
"broken","Sun Sep 10 16:44:02 UTC 2023","Sun Sep 10 16:44:35 UTC 2023","32922","","JIT-Module-005a-FORCE-MOBILE-UPDATE-database","","JIT-Module-005a-FORCE-MOBILE-UPDATE-database","[FORCE-MOBILE-UPDATE] - Check adding and auto-table & columns","[FORCE-MOBILE-UPDATE] - Check adding and auto-table & columns",""
"broken","Sun Sep 10 18:08:39 UTC 2023","Sun Sep 10 18:09:10 UTC 2023","31713","","JIT-Database-015c-INDEX-CRUD-multiple","","JIT-Database-015c-INDEX-CRUD-multiple","[INDEX] As a user, I check add and update single index","[INDEX] As a user, I check add and update single index",""
"broken","Sun Sep 10 16:59:19 UTC 2023","Sun Sep 10 16:59:50 UTC 2023","31071","","JIT-Web-002a-MOLECULE-Create-new","","JIT-Web-002a-MOLECULE-Create-new","[WEB-MOLECULE] As a user, I can create new molecule with positive and negative cases","[WEB-MOLECULE] As a user, I can create new molecule with positive and negative cases",""
"broken","Sun Sep 10 16:59:59 UTC 2023","Sun Sep 10 17:00:29 UTC 2023","30680","","JIT-Database-010a-COLUMN-FILE-validation","","JIT-Database-010a-COLUMN-FILE-validation","[COLUMN] As a user, I should check the validation of FILE column definition","[COLUMN] As a user, I should check the validation of FILE column definition",""
"broken","Sun Sep 10 17:05:18 UTC 2023","Sun Sep 10 17:05:49 UTC 2023","30992","","JIT-Web-004a-ACTION-NAVIGATION-no-param","","JIT-Web-004a-ACTION-NAVIGATION-no-param","[WEB-ACTION-NAVIGATION] As a user, I could add action type navigation without params and check preview code","[WEB-ACTION-NAVIGATION] As a user, I could add action type navigation without params and check preview code",""
"broken","Sun Sep 10 17:51:42 UTC 2023","Sun Sep 10 17:52:14 UTC 2023","31616","","JIT-Mobile-032b-CAROUSEL-General-info","","JIT-Mobile-032b-CAROUSEL-General-info","[MOBILE-CAROUSEL] As a user, I should check the general infomation of Carousel is correct: Name, Key, unique key, delete component","[MOBILE-CAROUSEL] As a user, I should check the general infomation of Carousel is correct: Name, Key, unique key, delete component",""
"broken","Sun Sep 10 17:21:01 UTC 2023","Sun Sep 10 17:21:33 UTC 2023","31796","","JIT-Database-011d-COLUMN-ENUM-delete-selected-items","","JIT-Database-011d-COLUMN-ENUM-delete-selected-items","[COLUMN] As a user, I should delete 1 selected item and check is will be removed in default dropdown","[COLUMN] As a user, I should delete 1 selected item and check is will be removed in default dropdown",""
"broken","Sun Sep 10 16:53:20 UTC 2023","Sun Sep 10 16:53:52 UTC 2023","31478","","JIT-Database-009-COLUMN-type-BOOLEAN","","JIT-Database-009-COLUMN-type-BOOLEAN","[COLUMN] As a user, I should check the validation of BOOLEAN column definition","[COLUMN] As a user, I should check the validation of BOOLEAN column definition",""
"broken","Sun Sep 10 16:55:21 UTC 2023","Sun Sep 10 16:55:52 UTC 2023","31281","","JIT-Web-001e-PAGE-Search","","JIT-Web-001e-PAGE-Search","[WEB-PAGE] As a user, I can search correct screen with keyword","[WEB-PAGE] As a user, I can search correct screen with keyword",""
"broken","Sun Sep 10 17:29:16 UTC 2023","Sun Sep 10 17:29:48 UTC 2023","31663","","JIT-Database-016b-COUNTER-CACHE-Create-by-adding-column","","JIT-Database-016b-COUNTER-CACHE-Create-by-adding-column","[COUNTER-CACHE] create new counter cache column by adding column","[COUNTER-CACHE] create new counter cache column by adding column",""
"broken","Sun Sep 10 17:16:13 UTC 2023","Sun Sep 10 17:16:45 UTC 2023","31667","","JIT-Web-012b-LOCALIZATION-Generate-code","","JIT-Web-012b-LOCALIZATION-Generate-code","[LOCALIZATION-CODE] As a user, I can view code, export Nextjs web and Quick Preview to see localization content of each language","[LOCALIZATION-CODE] As a user, I can view code, export Nextjs web and Quick Preview to see localization content of each language",""
"broken","Sun Sep 10 17:46:54 UTC 2023","Sun Sep 10 17:47:25 UTC 2023","31130","","JIT-Mobile-026b-BUTTON-General-info","","JIT-Mobile-026b-BUTTON-General-info","[MOBILE-BUTTON] As a user, I should check the general infomation of Button is correct: Name, Key, unique key, delete component","[MOBILE-BUTTON] As a user, I should check the general infomation of Button is correct: Name, Key, unique key, delete component",""
"broken","Sun Sep 10 17:12:48 UTC 2023","Sun Sep 10 17:13:19 UTC 2023","31019","","JIT-Web-011e-SETTING-PROJECT-VARIABLE-CSS-Check-remove-variable","","JIT-Web-011e-SETTING-PROJECT-VARIABLE-CSS-Check-remove-variable","[SETTING-PROJECT-VARIABLE-CSS] As a user, I remove the PV,  should show the previous value of this field","[SETTING-PROJECT-VARIABLE-CSS] As a user, I remove the PV,  should show the previous value of this field",""
"broken","Sun Sep 10 17:18:58 UTC 2023","Sun Sep 10 17:19:29 UTC 2023","31429","","JIT-Web-012e-LOCALIZATION-REUSE-UPDATE-value-locale","","JIT-Web-012e-LOCALIZATION-REUSE-UPDATE-value-locale","[LOCALIZATION-REUSE-UPDATE] As a user, I can reuse this locale value for other component and reflect when updating","[LOCALIZATION-REUSE-UPDATE] As a user, I can reuse this locale value for other component and reflect when updating",""
"broken","Sun Sep 10 17:46:14 UTC 2023","Sun Sep 10 17:46:45 UTC 2023","31463","","JIT-Database-002-COLUMN-default","","JIT-Database-002-COLUMN-default","[COLUMN] As a user, I should see the default column definition","[COLUMN] As a user, I should see the default column definition",""
"broken","Sun Sep 10 17:01:59 UTC 2023","Sun Sep 10 17:02:30 UTC 2023","30323","","JIT-Web-002d-MOLECULE-Duplicate","","JIT-Web-002d-MOLECULE-Duplicate","[WEB-MOLECULE] As a user, I can duplicate molecule with positive and negative cases","[WEB-MOLECULE] As a user, I can duplicate molecule with positive and negative cases",""
"broken","Sun Sep 10 18:07:59 UTC 2023","Sun Sep 10 18:08:30 UTC 2023","31331","","JIT-Database-015b-INDEX-CRUD-single","","JIT-Database-015b-INDEX-CRUD-single","[INDEX] As a user, I check add and update multiple index","[INDEX] As a user, I check add and update multiple index",""
"broken","Sun Sep 10 17:16:54 UTC 2023","Sun Sep 10 17:17:27 UTC 2023","32698","","JIT-Database-011b-COLUMN-ENUM-add-items","","JIT-Database-011b-COLUMN-ENUM-add-items","[COLUMN] As a user, I should add new item and select in default dropdown","[COLUMN] As a user, I should add new item and select in default dropdown",""
"broken","Sun Sep 10 18:00:36 UTC 2023","Sun Sep 10 18:01:08 UTC 2023","31728","","JIT-API-007bb-GET-list-API-Check-datetime-static-value","","JIT-API-007bb-GET-list-API-Check-datetime-static-value","[GET-list-API] Set datetime static value","[GET-list-API] Set datetime static value",""
"broken","Sun Sep 10 18:10:39 UTC 2023","Sun Sep 10 18:11:10 UTC 2023","31591","","JIT-Database-015f-INDEX-INTEGER-column-config","","JIT-Database-015f-INDEX-INTEGER-column-config","[INDEX-INTEGER] As a user, I config index from column setting && check on index popup","[INDEX-INTEGER] As a user, I config index from column setting && check on index popup",""
"broken","Sun Sep 10 17:17:36 UTC 2023","Sun Sep 10 17:18:08 UTC 2023","31871","","JIT-Web-012c-LOCALIZATION-Remove-Use-Unused","","JIT-Web-012c-LOCALIZATION-Remove-Use-Unused","[LOCALIZATION-REMOVE] As a user, I can remove, check Used or Unused key","[LOCALIZATION-REMOVE] As a user, I can remove, check Used or Unused key",""
"broken","Sun Sep 10 17:02:38 UTC 2023","Sun Sep 10 17:03:10 UTC 2023","31444","","JIT-Web-002e-MOLECULE-Search","","JIT-Web-002e-MOLECULE-Search","[WEB-PAGE] As a user, I can search correct molecule with keyword","[WEB-PAGE] As a user, I can search correct molecule with keyword",""
"broken","Sun Sep 10 16:43:23 UTC 2023","Sun Sep 10 16:43:54 UTC 2023","30978","","JIT-Module-004a-EMAIL-LOGIN-default","","JIT-Module-004a-EMAIL-LOGIN-default","[EMAIL-LOGIN] - Check adding and auto-generated API","[EMAIL-LOGIN] - Check adding and auto-generated API",""
"broken","Sun Sep 10 17:56:33 UTC 2023","Sun Sep 10 17:57:05 UTC 2023","32102","","JIT-API-004c-GET-detail-relation","","JIT-API-004c-GET-detail-relation","As a user, I check column display when having relation for GET-detail","As a user, I check column display when having relation for GET-detail",""
"broken","Sun Sep 10 17:00:38 UTC 2023","Sun Sep 10 17:01:11 UTC 2023","32848","","JIT-Web-002b-MOLECULE-Update","","JIT-Web-002b-MOLECULE-Update","[WEB-MOLECULE] As a user, I can update molecule with positive and negative cases","[WEB-MOLECULE] As a user, I can update molecule with positive and negative cases",""
"broken","Sun Sep 10 17:47:35 UTC 2023","Sun Sep 10 17:48:08 UTC 2023","32813","","JIT-Mobile-027b-IMAGE-General-info","","JIT-Mobile-027b-IMAGE-General-info","[MOBILE-IMAGE] As a user, I should check the general infomation of Image is correct: Name, Key, unique key, delete component","[MOBILE-IMAGE] As a user, I should check the general infomation of Image is correct: Name, Key, unique key, delete component",""
"broken","Sun Sep 10 16:54:42 UTC 2023","Sun Sep 10 16:55:13 UTC 2023","31076","","JIT-Web-001c-PAGE-Delete","","JIT-Web-001c-PAGE-Delete","[PAGE] As a user, I can delete page","[PAGE] As a user, I can delete page",""
"broken","Sun Sep 10 17:03:18 UTC 2023","Sun Sep 10 17:03:49 UTC 2023","31057","","JIT-Web-002f-MOLECULE-Navigate-edit-screen","","JIT-Web-002f-MOLECULE-Navigate-edit-screen","[WEB-MOLECULE-EDIT] As a user, I can see the molecule in Page and use Edit button see the content of this molecule","[WEB-MOLECULE-EDIT] As a user, I can see the molecule in Page and use Edit button see the content of this molecule",""
"broken","Sun Sep 10 17:13:29 UTC 2023","Sun Sep 10 17:14:00 UTC 2023","31772","","JIT-Web-011f-SETTING-PROJECT-VARIABLE-CSS-DEFECT-Check-icon-image","","JIT-Web-011f-SETTING-PROJECT-VARIABLE-CSS-DEFECT-Check-icon-image","[SETTING-PROJECT-VARIABLE-CSS-DEFECT] As a user, I check icon and image can apply to PV without error","[SETTING-PROJECT-VARIABLE-CSS-DEFECT] As a user, I check icon and image can apply to PV without error",""
"broken","Sun Sep 10 18:13:21 UTC 2023","Sun Sep 10 18:13:52 UTC 2023","31308","","JIT-Database-015k-INDEX-BOOLEAN-column-config","","JIT-Database-015k-INDEX-BOOLEAN-column-config","[INDEX-BOOLEAN] As a user, I config index from column setting && check on index popup","[INDEX-BOOLEAN] As a user, I config index from column setting && check on index popup",""
"broken","Sun Sep 10 17:32:12 UTC 2023","Sun Sep 10 17:32:43 UTC 2023","30979","","JIT-Database-017c-COLUMN-DATE-DATETIME-Validation-message","","JIT-Database-017c-COLUMN-DATE-DATETIME-Validation-message","[COLUMN-DATE-VALIDATION] As a user, I validation locale message for DATE column type","[COLUMN-DATE-VALIDATION] As a user, I validation locale message for DATE column type",""
"broken","Sun Sep 10 17:05:58 UTC 2023","Sun Sep 10 17:06:30 UTC 2023","31843","","JIT-Database-010b-COLUMN-FILE-format-file","","JIT-Database-010b-COLUMN-FILE-format-file","[COLUMN] As a user, I should check the validation of FILE column definition for Format Area","[COLUMN] As a user, I should check the validation of FILE column definition for Format Area",""
"broken","Sun Sep 10 16:42:03 UTC 2023","Sun Sep 10 16:42:34 UTC 2023","31259","","JIT-Module-002b-DEEPLINK-edit-infos","","JIT-Module-002b-DEEPLINK-edit-infos","As a user, I can update module Deeplink","As a user, I can update module Deeplink",""
"broken","Sun Sep 10 16:48:44 UTC 2023","Sun Sep 10 16:49:15 UTC 2023","31026","","JIT-Database-007-COLUMN-type-TEXT","","JIT-Database-007-COLUMN-type-TEXT","[COLUMN] As a user, I should check the validation of TEXT column definition","[COLUMN] As a user, I should check the validation of TEXT column definition",""
"broken","Sun Sep 10 17:23:05 UTC 2023","Sun Sep 10 17:23:37 UTC 2023","31498","","JIT-Database-012a-RELATION-basic","","JIT-Database-012a-RELATION-basic","[RELATION] check the basic relation","[RELATION] check the basic relation",""
"broken","Sun Sep 10 17:19:39 UTC 2023","Sun Sep 10 17:20:10 UTC 2023","31769","","JIT-Database-001a-TABLE-new","","JIT-Database-001a-TABLE-new","[TABLE] As a user, I can create new table","[TABLE] As a user, I can create new table",""
"broken","Sun Sep 10 17:28:34 UTC 2023","Sun Sep 10 17:29:07 UTC 2023","32663","","JIT-Database-016a-COUNTER-CACHE-Create-by-relation","","JIT-Database-016a-COUNTER-CACHE-Create-by-relation","[COUNTER-CACHE] create new counter cache column by selecting in relation popup","[COUNTER-CACHE] create new counter cache column by selecting in relation popup",""
"broken","Sun Sep 10 16:49:24 UTC 2023","Sun Sep 10 16:49:56 UTC 2023","31798","","JIT-Module-015b-SCOUT-edit-infos","","JIT-Module-015b-SCOUT-edit-infos","[SCOUT] As a user, I can update module Scout","[SCOUT] As a user, I can update module Scout",""
"broken","Sun Sep 10 17:09:23 UTC 2023","Sun Sep 10 17:09:54 UTC 2023","30739","","JIT-Database-011a-COLUMN-ENUM-default","","JIT-Database-011a-COLUMN-ENUM-default","[COLUMN] As a user, I should check the basic validation","[COLUMN] As a user, I should check the basic validation",""
"broken","Sun Sep 10 17:43:27 UTC 2023","Sun Sep 10 17:43:58 UTC 2023","31598","","JIT-Mobile-015-VIEW-General-info","","JIT-Mobile-015-VIEW-General-info","[MOBILE-VIEW] As a user, I should check the general infomation of View is correct: Name, Key, unique key, delete component","[MOBILE-VIEW] As a user, I should check the general infomation of View is correct: Name, Key, unique key, delete component",""
"broken","Sun Sep 10 17:59:55 UTC 2023","Sun Sep 10 18:00:28 UTC 2023","33060","","JIT-API-007ba-GET-list-API-Add-new-endpoint","","JIT-API-007ba-GET-list-API-Add-new-endpoint","[GET-list-API] Create, update and delete new GET API endpoint","[GET-list-API] Create, update and delete new GET API endpoint",""
"broken","Sun Sep 10 17:27:12 UTC 2023","Sun Sep 10 17:27:44 UTC 2023","31487","","JIT-Database-014-DEFECT-Check-duplicate-table-name","","JIT-Database-014-DEFECT-Check-duplicate-table-name","[DEFECT] As a user, I cannot update to duplicate name","[DEFECT] As a user, I cannot update to duplicate name",""
"broken","Sun Sep 10 18:16:41 UTC 2023","Sun Sep 10 18:17:13 UTC 2023","31604","","JIT-API-003c-POST-relation","","JIT-API-003c-POST-relation","As a user, I check column display when having relation for API POST","As a user, I check column display when having relation for API POST",""
"broken","Sun Sep 10 17:20:20 UTC 2023","Sun Sep 10 17:20:52 UTC 2023","31782","","JIT-Database-011c-COLUMN-ENUM-delete-items","","JIT-Database-011c-COLUMN-ENUM-delete-items","[COLUMN] As a user, I should delete 1 item and check not display in default dropdown","[COLUMN] As a user, I should delete 1 item and check not display in default dropdown",""
"broken","Sun Sep 10 17:48:17 UTC 2023","Sun Sep 10 17:48:49 UTC 2023","31598","","JIT-Mobile-028b-ICON-General-info","","JIT-Mobile-028b-ICON-General-info","[MOBILE-ICON] As a user, I should check the general infomation of Icon is correct: Name, Key, unique key, delete component","[MOBILE-ICON] As a user, I should check the general infomation of Icon is correct: Name, Key, unique key, delete component",""
"broken","Sun Sep 10 17:14:10 UTC 2023","Sun Sep 10 17:14:41 UTC 2023","31447","","JIT-Web-011g-SETTING-PROJECT-VARIABLE-CSS-DEFECT-Check-view-code","","JIT-Web-011g-SETTING-PROJECT-VARIABLE-CSS-DEFECT-Check-view-code","[SETTING-PROJECT-VARIABLE-VIEWCODE] As a user, I check View Code function with PV","[SETTING-PROJECT-VARIABLE-VIEWCODE] As a user, I check View Code function with PV",""
"broken","Sun Sep 10 16:56:41 UTC 2023","Sun Sep 10 16:57:12 UTC 2023","30809","","JIT-Web-001g-PAGE-FIGMA-Import","","JIT-Web-001g-PAGE-FIGMA-Import","[PAGE-FIGMA] As a user, I can import the figma file to the jitera studio","[PAGE-FIGMA] As a user, I can import the figma file to the jitera studio",""
"broken","Sun Sep 10 17:34:43 UTC 2023","Sun Sep 10 17:35:15 UTC 2023","32599","","JIT-Mobile-001-SCREEN-Create-new","","JIT-Mobile-001-SCREEN-Create-new","[MOBILE-SCREEN] As a user, I can create new screen with positive and negative cases","[MOBILE-SCREEN] As a user, I can create new screen with positive and negative cases",""
"broken","Sun Sep 10 17:11:26 UTC 2023","Sun Sep 10 17:11:58 UTC 2023","32229","","JIT-Web-011c-SETTING-PROJECT-VARIABLE-CSS-Check-update-PV","","JIT-Web-011c-SETTING-PROJECT-VARIABLE-CSS-Check-update-PV","[SETTING-PROJECT-VARIABLE-CSS] As a user, I update the PV name & value, check reflection on edtior","[SETTING-PROJECT-VARIABLE-CSS] As a user, I update the PV name & value, check reflection on edtior",""
"broken","Sun Sep 10 17:55:51 UTC 2023","Sun Sep 10 17:56:24 UTC 2023","33167","","JIT-API-001-Check-general-info","","JIT-API-001-Check-general-info","As a user, I check general info","As a user, I check general info",""
"broken","Sun Sep 10 17:38:03 UTC 2023","Sun Sep 10 17:38:35 UTC 2023","31449","","JIT-Mobile-005-MOLECULE-Create-new","","JIT-Mobile-005-MOLECULE-Create-new","[MOBILE-MOLECULE] As a user, I can create new molecule with positive and negative cases","[MOBILE-MOLECULE] As a user, I can create new molecule with positive and negative cases",""
"broken","Sun Sep 10 16:54:00 UTC 2023","Sun Sep 10 16:54:33 UTC 2023","32798","","JIT-Web-001b-PAGE-Update","","JIT-Web-001b-PAGE-Update","[PAGE] As a user, I can update page with positive and negative cases","[PAGE] As a user, I can update page with positive and negative cases",""
"broken","Sun Sep 10 17:26:31 UTC 2023","Sun Sep 10 17:27:03 UTC 2023","31441","","JIT-Database-001b-TABLE-empty","","JIT-Database-001b-TABLE-empty","[TABLE] As a user, I cannot create table with empty name","[TABLE] As a user, I cannot create table with empty name",""
"broken","Sun Sep 10 18:05:16 UTC 2023","Sun Sep 10 18:05:48 UTC 2023","31690","","JIT-API-009-Auto-fill","","JIT-API-009-Auto-fill","[AUTO-FILL] As a user, I could add request param by Auto-fill","[AUTO-FILL] As a user, I could add request param by Auto-fill",""
"broken","Sun Sep 10 18:05:56 UTC 2023","Sun Sep 10 18:06:28 UTC 2023","32033","","JIT-API-010a-DEFECT-Check-special-symbol-request-param","","JIT-API-010a-DEFECT-Check-special-symbol-request-param","As a user, I want to validate and prevent the special symbol for request params.","As a user, I want to validate and prevent the special symbol for request params.",""
"broken","Sun Sep 10 18:03:17 UTC 2023","Sun Sep 10 18:03:49 UTC 2023","31533","","JIT-API-007e-PUT-API-Add-new-endpoint","","JIT-API-007e-PUT-API-Add-new-endpoint","[PUT-API] Create, update and delete new PUT API endpoint","[PUT-API] Create, update and delete new PUT API endpoint",""
"broken","Sun Sep 10 17:42:46 UTC 2023","Sun Sep 10 17:43:17 UTC 2023","31900","","JIT-Mobile-014-JITDEF-status-bar","","JIT-Mobile-014-JITDEF-status-bar","[DEFECT] As a user, I should see screen will be removed in navigation tree after deleting screen","[DEFECT] As a user, I should see screen will be removed in navigation tree after deleting screen",""
"broken","Sun Sep 10 17:32:43 UTC 2023","Sun Sep 10 17:33:10 UTC 2023","26690","","JIT-Database-017c-COLUMN-DATE-DATETIME-Validation-message","","JIT-Database-017c-COLUMN-DATE-DATETIME-Validation-message","[COLUMN-DATETIME-VALIDATION] As a user, I validation locale message for DATETIME column type","[COLUMN-DATETIME-VALIDATION] As a user, I validation locale message for DATETIME column type",""
"broken","Sun Sep 10 18:12:00 UTC 2023","Sun Sep 10 18:12:31 UTC 2023","31296","","JIT-Database-015h-INDEX-DATE-column-config","","JIT-Database-015h-INDEX-DATE-column-config","[INDEX-DATE] As a user, I config index from column setting && check on index popup","[INDEX-DATE] As a user, I config index from column setting && check on index popup",""
"broken","Sun Sep 10 18:03:57 UTC 2023","Sun Sep 10 18:04:28 UTC 2023","30974","","JIT-API-007f-DELETE-API-Add-new-endpoint","","JIT-API-007f-DELETE-API-Add-new-endpoint","[DELETE-API] Create, update and delete new DELETE API endpoint","[DELETE-API] Create, update and delete new DELETE API endpoint",""
"broken","Sun Sep 10 17:57:54 UTC 2023","Sun Sep 10 17:58:25 UTC 2023","31629","","JIT-API-005c-PUT-relation","","JIT-API-005c-PUT-relation","As a user, I check column display when having relation for API PUT","As a user, I check column display when having relation for API PUT",""
"broken","Sun Sep 10 18:02:38 UTC 2023","Sun Sep 10 18:03:08 UTC 2023","30676","","JIT-API-002a-GET-list-check-default","","JIT-API-002a-GET-list-check-default","As a user, I check default value in API GET list","As a user, I check default value in API GET list",""
"broken","Sun Sep 10 17:10:45 UTC 2023","Sun Sep 10 17:11:16 UTC 2023","31759","","JIT-Web-011b-SETTING-PROJECT-VARIABLE-CSS-Check","","JIT-Web-011b-SETTING-PROJECT-VARIABLE-CSS-Check","[SETTING-PROJECT-VARIABLE-CSS] As a user, I can set value for the CSS field of the component","[SETTING-PROJECT-VARIABLE-CSS] As a user, I can set value for the CSS field of the component",""
"broken","Sun Sep 10 17:36:04 UTC 2023","Sun Sep 10 17:36:35 UTC 2023","30992","","JIT-Mobile-001a-SCREEN-Search","","JIT-Mobile-001a-SCREEN-Search","[MOBILE-SCREEN] As a user, I can search correct screen with keyword","[MOBILE-SCREEN] As a user, I can search correct screen with keyword",""
"broken","Sun Sep 10 17:44:08 UTC 2023","Sun Sep 10 17:44:40 UTC 2023","32236","","JIT-Database-001e-TABLE-create-by-context-menu","","JIT-Database-001e-TABLE-create-by-context-menu","[TABLE] As a user, I can create new table by context menu","[TABLE] As a user, I can create new table by context menu",""
"broken","Sun Sep 10 16:41:23 UTC 2023","Sun Sep 10 16:41:54 UTC 2023","31380","","JIT-Module-000-search","","JIT-Module-000-search","[SEARCH] As a user, I can Search module","[SEARCH] As a user, I can Search module",""
"broken","Sun Sep 10 17:41:24 UTC 2023","Sun Sep 10 17:41:55 UTC 2023","31704","","JIT-Mobile-012-JITDEF-remove-poperty-info-after-deleting-navigation","","JIT-Mobile-012-JITDEF-remove-poperty-info-after-deleting-navigation","[DEFECT] As a user, I should see the property infos need to be removed after the navigation was deleted","[DEFECT] As a user, I should see the property infos need to be removed after the navigation was deleted",""
"broken","Sun Sep 10 18:09:19 UTC 2023","Sun Sep 10 18:09:50 UTC 2023","31401","","JIT-Database-015d-INDEX-STRING-column-config","","JIT-Database-015d-INDEX-STRING-column-config","[INDEX-STRING] As a user, I config index from column setting && check on index popup","[INDEX-STRING] As a user, I config index from column setting && check on index popup",""
"broken","Sun Sep 10 18:07:17 UTC 2023","Sun Sep 10 18:07:50 UTC 2023","32604","","JIT-API-011-UPDATE-toggle-on-API","","JIT-API-011-UPDATE-toggle-on-API","As a user, I want to see the confirmation when deleting table/column, adding column, update table/column when the API is toggled on","As a user, I want to see the confirmation when deleting table/column, adding column, update table/column when the API is toggled on",""
"broken","Sun Sep 10 18:06:37 UTC 2023","Sun Sep 10 18:07:09 UTC 2023","31643","","JIT-API-010b-DEFECT-Check-JSON-path","","JIT-API-010b-DEFECT-Check-JSON-path","As a user, I want to check the option in dropdown show correct JSON path.","As a user, I want to check the option in dropdown show correct JSON path.",""
"broken","Sun Sep 10 17:36:44 UTC 2023","Sun Sep 10 17:37:15 UTC 2023","31623","","JIT-Mobile-002-SCREEN-Update","","JIT-Mobile-002-SCREEN-Update","[MOBILE-SCREEN] As a user, I can update screen with positive and negative cases","[MOBILE-SCREEN] As a user, I can update screen with positive and negative cases",""
"broken","Sun Sep 10 17:23:46 UTC 2023","Sun Sep 10 17:24:17 UTC 2023","31656","","JIT-Database-012c-RELATION-multiple-1-direction","","JIT-Database-012c-RELATION-multiple-1-direction","[RELATION], I should add multiple relation 1 direction","[RELATION], I should add multiple relation 1 direction",""
"broken","Sun Sep 10 17:53:43 UTC 2023","Sun Sep 10 17:54:16 UTC 2023","32293","","JIT-Mobile-035b-FLATLIST-General-info","","JIT-Mobile-035b-FLATLIST-General-info","[MOBILE-FLATLIST] As a user, I should check the general infomation of FlatList is correct: Name, Key, unique key, delete component","[MOBILE-FLATLIST] As a user, I should check the general infomation of FlatList is correct: Name, Key, unique key, delete component",""
"broken","Sun Sep 10 17:54:25 UTC 2023","Sun Sep 10 17:54:57 UTC 2023","31402","","JIT-Database-003b-COLUMN-duplicated","","JIT-Database-003b-COLUMN-duplicated","[COLUMN] As a user, I cannot add duplicated column definition","[COLUMN] As a user, I cannot add duplicated column definition",""
"broken","Sun Sep 10 17:52:23 UTC 2023","Sun Sep 10 17:52:54 UTC 2023","30864","","JIT-Mobile-033b-HEADER-General-info","","JIT-Mobile-033b-HEADER-General-info","[MOBILE-HEADER] As a user, I should check the general infomation of Header is correct: Name, Key, unique key, delete component","[MOBILE-HEADER] As a user, I should check the general infomation of Header is correct: Name, Key, unique key, delete component",""
"broken","Sun Sep 10 18:15:21 UTC 2023","Sun Sep 10 18:15:52 UTC 2023","31636","","JIT-API-002c-GET-list","","JIT-API-002c-GET-list","As a user, I check column display when having relation for GET-list","As a user, I check column display when having relation for GET-list",""
"broken","Sun Sep 10 16:45:24 UTC 2023","Sun Sep 10 16:45:56 UTC 2023","31636","","JIT-Module-006b-SMS-edit-infos","","JIT-Module-006b-SMS-edit-infos","[SMS], I can add module SMS login with Twilio and edit its infos","[SMS], I can add module SMS login with Twilio and edit its infos",""
"broken","Sun Sep 10 17:03:58 UTC 2023","Sun Sep 10 17:04:29 UTC 2023","31007","","JIT-Web-002g-MOLECULE-CRUD-category","","JIT-Web-002g-MOLECULE-CRUD-category","[WEB-MOLECULE-EDIT] As a user, I can see the molecule in Page and use Edit button see the content of this molecule","[WEB-MOLECULE-EDIT] As a user, I can see the molecule in Page and use Edit button see the content of this molecule",""
"broken","Sun Sep 10 17:25:48 UTC 2023","Sun Sep 10 17:26:22 UTC 2023","33878","","JIT-Database-013-DEFECT-Check-default-value-when-changing-type","","JIT-Database-013-DEFECT-Check-default-value-when-changing-type","[DEFECT] As a user, I should check the default value when changing the type","[DEFECT] As a user, I should check the default value when changing the type",""
"broken","Sun Sep 10 17:38:43 UTC 2023","Sun Sep 10 17:39:15 UTC 2023","31494","","JIT-Mobile-005b-MOLECULE-Navigate-edit-screen","","JIT-Mobile-005b-MOLECULE-Navigate-edit-screen","[MOBILE-MOLECULE-EDIT] As a user, I can see the molecule in Screen and use Edit button see the content of this molecule","[MOBILE-MOLECULE-EDIT] As a user, I can see the molecule in Screen and use Edit button see the content of this molecule",""
"broken","Sun Sep 10 16:57:20 UTC 2023","Sun Sep 10 16:57:50 UTC 2023","30324","","JIT-Web-001h-PAGE-Create-multiple-level-slug","","JIT-Web-001h-PAGE-Create-multiple-level-slug","[PAGE] As a user, I can create new screen with multiple level slug","[PAGE] As a user, I can create new screen with multiple level slug",""
"broken","Sun Sep 10 18:16:01 UTC 2023","Sun Sep 10 18:16:33 UTC 2023","31882","","JIT-API-003a-POST-check-default","","JIT-API-003a-POST-check-default","As a user, I check default value in API POST","As a user, I check default value in API POST",""
"broken","Sun Sep 10 17:06:40 UTC 2023","Sun Sep 10 17:07:12 UTC 2023","32008","","JIT-Web-007a-ASSET-Upload","","JIT-Web-007a-ASSET-Upload","[ASSET] As a user, I can upload new image and store in Asset Manager and use it in all Image component","[ASSET] As a user, I can upload new image and store in Asset Manager and use it in all Image component",""
"broken","Sun Sep 10 16:46:05 UTC 2023","Sun Sep 10 16:46:35 UTC 2023","30771","","JIT-Database-006-COLUMN-type-STRING","","JIT-Database-006-COLUMN-type-STRING","[COLUMN] As a user, I should check the validation of STRING column definition","[COLUMN] As a user, I should check the validation of STRING column definition",""
"broken","Sun Sep 10 18:17:22 UTC 2023","Sun Sep 10 18:17:53 UTC 2023","31273","","JIT-API-004a-GET-detail-check-default","","JIT-API-004a-GET-detail-check-default","As a user, I check default value in API GET-detail","As a user, I check default value in API GET-detail",""
"broken","Sun Sep 10 18:01:57 UTC 2023","Sun Sep 10 18:02:29 UTC 2023","32000","","JIT-API-007d-POST-API-Add-new-endpoint","","JIT-API-007d-POST-API-Add-new-endpoint","[GET-POST] Create, update and delete new POST API endpoint","[GET-POST] Create, update and delete new POST API endpoint",""
"broken","Sun Sep 10 17:35:24 UTC 2023","Sun Sep 10 17:35:55 UTC 2023","31457","","JIT-Database-001c-TABLE-duplicate","","JIT-Database-001c-TABLE-duplicate","[TABLE] As a user, I cannot create table with duplicate name","[TABLE] As a user, I cannot create table with duplicate name",""
"broken","Sun Sep 10 17:30:28 UTC 2023","Sun Sep 10 17:30:55 UTC 2023","26883","","JIT-Database-017a-COLUMN-TEXT-STRING-Validation-message","","JIT-Database-017a-COLUMN-TEXT-STRING-Validation-message","[COLUMN-TEXT-VALIDATION] As a user, I validation locale message for TEXT column type","[COLUMN-TEXT-VALIDATION] As a user, I validation locale message for TEXT column type",""
"broken","Sun Sep 10 17:50:19 UTC 2023","Sun Sep 10 17:50:51 UTC 2023","31561","","JIT-Database-003a-COLUMN-empty","","JIT-Database-003a-COLUMN-empty","[COLUMN] As a user, I cannot add empty column definition","[COLUMN] As a user, I cannot add empty column definition",""
"broken","Sun Sep 10 16:57:59 UTC 2023","Sun Sep 10 16:58:30 UTC 2023","31086","","JIT-Web-001h01-PAGE-DEFECT-Create-page-slug-contains-another-page","","JIT-Web-001h01-PAGE-DEFECT-Create-page-slug-contains-another-page","[PAGE - DEFECT] As a user, I can check DEFECT if create new page with slug contains existing page","[PAGE - DEFECT] As a user, I can check DEFECT if create new page with slug contains existing page",""
"broken","Sun Sep 10 17:45:32 UTC 2023","Sun Sep 10 17:46:04 UTC 2023","32403","","JIT-Mobile-022a-TEXT-General-info","","JIT-Mobile-022a-TEXT-General-info","[MOBILE-TEXT] As a user, I should check the general infomation of Text is correct: Name, Key, unique key, delete component","[MOBILE-TEXT] As a user, I should check the general infomation of Text is correct: Name, Key, unique key, delete component",""
"broken","Sun Sep 10 17:37:24 UTC 2023","Sun Sep 10 17:37:54 UTC 2023","30365","","JIT-Mobile-003-SCREEN-Delete","","JIT-Mobile-003-SCREEN-Delete","[MOBILE-SCREEN] As a user, I can delete screen","[MOBILE-SCREEN] As a user, I can delete screen",""
"broken","Sun Sep 10 17:44:50 UTC 2023","Sun Sep 10 17:45:23 UTC 2023","33007","","JIT-Mobile-021-DEFECT.Params.keep-params-after-refresh-page","","JIT-Mobile-021-DEFECT.Params.keep-params-after-refresh-page","[DEFECT] As a user, I should check the params will be kept after refresh page","[DEFECT] As a user, I should check the params will be kept after refresh page",""
"broken","Sun Sep 10 17:24:26 UTC 2023","Sun Sep 10 17:24:58 UTC 2023","31817","","JIT-Database-012d-RELATION-multiple-2-direction","","JIT-Database-012d-RELATION-multiple-2-direction","[RELATION], I should add multiple relation 2 directions","[RELATION], I should add multiple relation 2 directions",""
"broken","Sun Sep 10 17:01:20 UTC 2023","Sun Sep 10 17:01:51 UTC 2023","30766","","JIT-Web-002c-MOLECULE-Delete","","JIT-Web-002c-MOLECULE-Delete","[WEB-MOLECULE] As a user, I can delete molecule","[WEB-MOLECULE] As a user, I can delete molecule",""
"broken","Sun Sep 10 17:12:07 UTC 2023","Sun Sep 10 17:12:39 UTC 2023","31804","","JIT-Web-011d-SETTING-PROJECT-VARIABLE-CSS-Check-deleting-PV","","JIT-Web-011d-SETTING-PROJECT-VARIABLE-CSS-Check-deleting-PV","[SETTING-PROJECT-VARIABLE-CSS] As a user, I delete the PV,  should show the static value of the deleted PV","[SETTING-PROJECT-VARIABLE-CSS] As a user, I delete the PV,  should show the static value of the deleted PV",""
"broken","Sun Sep 10 17:34:00 UTC 2023","Sun Sep 10 17:34:33 UTC 2023","32836","","JIT-Database-017e-COLUMN-ENUM-Validation-message","","JIT-Database-017e-COLUMN-ENUM-Validation-message","[COLUMN-ENUM-VALIDATION] As a user, I validation locale message for ENUM column type","[COLUMN-ENUM-VALIDATION] As a user, I validation locale message for ENUM column type",""
"broken","Sun Sep 10 17:40:44 UTC 2023","Sun Sep 10 17:41:15 UTC 2023","30881","","JIT-Mobile-011-JITDEF50-disable-add-duplicate-screen-in-stack","","JIT-Mobile-011-JITDEF50-disable-add-duplicate-screen-in-stack","[DEFECT] As a user, I could add duplicate screen in stack","[DEFECT] As a user, I could add duplicate screen in stack",""
"broken","Sun Sep 10 16:40:43 UTC 2023","Sun Sep 10 16:41:14 UTC 2023","31317","","JIT-Mobile-045a-LAYER-TREE-Check-edit-and-action","","JIT-Mobile-045a-LAYER-TREE-Check-edit-and-action","[MOBILE-LAYER-TREE] As a user, I could update the name of the node in the layer tree and copy,paste,delete,wrap the node","[MOBILE-LAYER-TREE] As a user, I could update the name of the node in the layer tree and copy,paste,delete,wrap the node",""
"broken","Sun Sep 10 18:11:19 UTC 2023","Sun Sep 10 18:11:51 UTC 2023","32097","","JIT-Database-015g-INDEX-FLOAT-column-config","","JIT-Database-015g-INDEX-FLOAT-column-config","[INDEX-FLOAT] As a user, I config index from column setting && check on index popup","[INDEX-FLOAT] As a user, I config index from column setting && check on index popup",""
"broken","Sun Sep 10 17:08:02 UTC 2023","Sun Sep 10 17:08:33 UTC 2023","31425","","JIT-Web-009a-TABLE-Add-new","","JIT-Web-009a-TABLE-Add-new","[TABLE] As a user, I can create new Admin page","[TABLE] As a user, I can create new Admin page",""
"broken","Sun Sep 10 18:09:59 UTC 2023","Sun Sep 10 18:10:30 UTC 2023","31577","","JIT-Database-015e-INDEX-TEXT-column-config","","JIT-Database-015e-INDEX-TEXT-column-config","[INDEX-TEXT] As a user, I config index from column setting && check on index popup","[INDEX-TEXT] As a user, I config index from column setting && check on index popup",""
"broken","Sun Sep 10 17:33:19 UTC 2023","Sun Sep 10 17:33:51 UTC 2023","31748","","JIT-Database-017d-COLUMN-FILE-Validation-message","","JIT-Database-017d-COLUMN-FILE-Validation-message","[COLUMN-FILE-VALIDATION] As a user, I validation locale message for FILE column type","[COLUMN-FILE-VALIDATION] As a user, I validation locale message for FILE column type",""
"broken","Sun Sep 10 17:15:31 UTC 2023","Sun Sep 10 17:16:04 UTC 2023","32153","","JIT-Web-012a-LOCALIZATION-CRUD","","JIT-Web-012a-LOCALIZATION-CRUD","[LOCALIZATION-CRUD] As a user, I want to CRUD 1 localization","[LOCALIZATION-CRUD] As a user, I want to CRUD 1 localization",""
"broken","Sun Sep 10 17:53:03 UTC 2023","Sun Sep 10 17:53:34 UTC 2023","31396","","JIT-Mobile-034b-SCROLLVIEW-General-info","","JIT-Mobile-034b-SCROLLVIEW-General-info","[MOBILE-SCROLLVIEW] As a user, I should check the general infomation of Scroll View is correct: Name, Key, unique key, delete component","[MOBILE-SCROLLVIEW] As a user, I should check the general infomation of Scroll View is correct: Name, Key, unique key, delete component",""
"broken","Sun Sep 10 17:04:38 UTC 2023","Sun Sep 10 17:05:09 UTC 2023","31346","","JIT-Web-002h-MOLECULE-New-with-cate","","JIT-Web-002h-MOLECULE-New-with-cate","[WEB-MOLECULE-CATE] As a user, I can create new molecule","[WEB-MOLECULE-CATE] As a user, I can create new molecule",""
"broken","Sun Sep 10 17:25:07 UTC 2023","Sun Sep 10 17:25:39 UTC 2023","31670","","JIT-Database-012e-RELATION-trigger-by-button","","JIT-Database-012e-RELATION-trigger-by-button","[RELATION] check the basic relation","[RELATION] check the basic relation",""
"broken","Sun Sep 10 16:40:02 UTC 2023","Sun Sep 10 16:40:34 UTC 2023","31722","","JIT-Database-004-COLUMN-type-INTEGER","","JIT-Database-004-COLUMN-type-INTEGER","[COLUMN] As a user, I should check the validation of INTEGER column definition","[COLUMN] As a user, I should check the validation of INTEGER column definition",""
"broken","Sun Sep 10 17:39:24 UTC 2023","Sun Sep 10 17:39:55 UTC 2023","31519","","JIT-Mobile-007-MOLECULE-Delete","","JIT-Mobile-007-MOLECULE-Delete","[MOBILE-MOLECULE] As a user, I can delete molecule","[MOBILE-MOLECULE] As a user, I can delete molecule",""
"broken","Sun Sep 10 17:10:03 UTC 2023","Sun Sep 10 17:10:35 UTC 2023","31931","","JIT-Web-011a-SETTING-PROJECT-VARIABLE","","JIT-Web-011a-SETTING-PROJECT-VARIABLE","[SETTING-PROJECT-VARIABLE] As a user, I can CRUD the Project Variable","[SETTING-PROJECT-VARIABLE] As a user, I can CRUD the Project Variable",""
"broken","Sun Sep 10 16:44:44 UTC 2023","Sun Sep 10 16:45:16 UTC 2023","31372","","JIT-Module-005b-FORCE-MOBILE-UPDATE-api","","JIT-Module-005b-FORCE-MOBILE-UPDATE-api","[FORCE-MOBILE-UPDATE] - Check api","[FORCE-MOBILE-UPDATE] - Check api",""
"broken","Sun Sep 10 17:08:42 UTC 2023","Sun Sep 10 17:09:14 UTC 2023","31328","","JIT-Web-010a-LAYER-TREE-Check-edit-and-action","","JIT-Web-010a-LAYER-TREE-Check-edit-and-action","[LAYER-TREE] As a user, I could update the name of the node in the layer tree and copy,paste,delete,wrap the node","[LAYER-TREE] As a user, I could update the name of the node in the layer tree and copy,paste,delete,wrap the node",""
"broken","Sun Sep 10 18:04:36 UTC 2023","Sun Sep 10 18:05:07 UTC 2023","30895","","JIT-API-008-DEFECT-Check-column-file-type","","JIT-API-008-DEFECT-Check-column-file-type","[DEFECT] As a user, I check column type file not display in request params of GET list Api","[DEFECT] As a user, I check column type file not display in request params of GET list Api",""
"broken","Sun Sep 10 17:51:00 UTC 2023","Sun Sep 10 17:51:33 UTC 2023","32665","","JIT-Mobile-031b-DIVIDER-General-info","","JIT-Mobile-031b-DIVIDER-General-info","[MOBILE-DIVIDER] As a user, I should check the general infomation of Divider is correct: Name, Key, unique key, delete component","[MOBILE-DIVIDER] As a user, I should check the general infomation of Divider is correct: Name, Key, unique key, delete component",""
"broken","Sun Sep 10 16:50:04 UTC 2023","Sun Sep 10 16:50:35 UTC 2023","31209","","JIT-Module-017b-GOOGLE-ANAL-edit-infos","","JIT-Module-017b-GOOGLE-ANAL-edit-infos","[GOOGLE-ANAL] As a user, I can update module Google Analytics","[GOOGLE-ANAL] As a user, I can update module Google Analytics",""
"broken","Sun Sep 10 16:42:43 UTC 2023","Sun Sep 10 16:43:14 UTC 2023","30645","","JIT-Database-005-COLUMN-type-FLOAT","","JIT-Database-005-COLUMN-type-FLOAT","[COLUMN] As a user, I should check the validation of FLOAT column definition","[COLUMN] As a user, I should check the validation of FLOAT column definition",""
"broken","Sun Sep 10 16:51:24 UTC 2023","Sun Sep 10 16:51:55 UTC 2023","31115","","JIT-Database-008-COLUMN-type-DATE-TIME","","JIT-Database-008-COLUMN-type-DATE-TIME","[COLUMN] As a user, I should check the validation of DATETIME column definition","[COLUMN] As a user, I should check the validation of DATETIME column definition",""
"broken","Sun Sep 10 16:48:04 UTC 2023","Sun Sep 10 16:48:36 UTC 2023","31608","","JIT-Module-015a-SCOUT-default","","JIT-Module-015a-SCOUT-default","[SCOUT] As a user, I can add module Scout and remove it","[SCOUT] As a user, I can add module Scout and remove it",""
"broken","Sun Sep 10 18:14:01 UTC 2023","Sun Sep 10 18:14:32 UTC 2023","31150","","JIT-Database-015l-INDEX-ENUM-column-config","","JIT-Database-015l-INDEX-ENUM-column-config","[INDEX-ENUM] As a user, I config index from column setting && check on index popup","[INDEX-ENUM] As a user, I config index from column setting && check on index popup",""
"broken","Sun Sep 10 17:42:04 UTC 2023","Sun Sep 10 17:42:36 UTC 2023","32145","","JIT-Mobile-013-JITDEF-reflect-delete-screen-innavigation-tree","","JIT-Mobile-013-JITDEF-reflect-delete-screen-innavigation-tree","[DEFECT] As a user, I should see screen will be removed in navigation tree after deleting screen","[DEFECT] As a user, I should see screen will be removed in navigation tree after deleting screen",""
"broken","Sun Sep 10 18:01:17 UTC 2023","Sun Sep 10 18:01:48 UTC 2023","31732","","JIT-API-007c-GET-detail-API-Add-new-endpoint","","JIT-API-007c-GET-detail-API-Add-new-endpoint","[GET-detail-API] Create, update and delete new GET API endpoint","[GET-detail-API] Create, update and delete new GET API endpoint",""
"broken","Sun Sep 10 18:12:40 UTC 2023","Sun Sep 10 18:13:12 UTC 2023","32457","","JIT-Database-015i-INDEX-DATETIME-column-config","","JIT-Database-015i-INDEX-DATETIME-column-config","[INDEX-DATETIME] As a user, I config index from column setting && check on index popup","[INDEX-DATETIME] As a user, I config index from column setting && check on index popup",""
"broken","Sun Sep 10 16:50:44 UTC 2023","Sun Sep 10 16:51:15 UTC 2023","31157","","JIT-Module-019b-GOOGLE-ANALYTICS-edit-infos","","JIT-Module-019b-GOOGLE-ANALYTICS-edit-infos","[GOOGLE-ANALYTICS] As a user, I can update module Google Analytics information for each environment","[GOOGLE-ANALYTICS] As a user, I can update module Google Analytics information for each environment",""
"broken","Sun Sep 10 17:48:58 UTC 2023","Sun Sep 10 17:49:29 UTC 2023","31121","","JIT-Mobile-029b-TOUCHABLE-General-info","","JIT-Mobile-029b-TOUCHABLE-General-info","[MOBILE-TOUCHABLE] As a user, I should check the general infomation of Touchable is correct: Name, Key, unique key, delete component","[MOBILE-TOUCHABLE] As a user, I should check the general infomation of Touchable is correct: Name, Key, unique key, delete component",""
"broken","Sun Sep 10 17:29:57 UTC 2023","Sun Sep 10 17:30:28 UTC 2023","31492","","JIT-Database-017a-COLUMN-TEXT-STRING-Validation-message","","JIT-Database-017a-COLUMN-TEXT-STRING-Validation-message","[COLUMN-STRING-VALIDATION] As a user, I validation locale message for STRING column type","[COLUMN-STRING-VALIDATION] As a user, I validation locale message for STRING column type",""
"broken","Sun Sep 10 16:58:39 UTC 2023","Sun Sep 10 16:59:10 UTC 2023","31458","","JIT-Web-001h02-PAGE-DEFECT-Expand-Collapse-folder","","JIT-Web-001h02-PAGE-DEFECT-Expand-Collapse-folder","[PAGE - DEFECT] As a user, I can check DEFECT expand and collapse folder","[PAGE - DEFECT] As a user, I can check DEFECT expand and collapse folder",""
"broken","Sun Sep 10 17:27:53 UTC 2023","Sun Sep 10 17:28:25 UTC 2023","32048","","JIT-Database-015a-INDEX-Check-duplicate-empty","","JIT-Database-015a-INDEX-Check-duplicate-empty","[INDEX] As a user, I check empty and duplicate index","[INDEX] As a user, I check empty and duplicate index",""
"broken","Sun Sep 10 17:18:17 UTC 2023","Sun Sep 10 17:18:48 UTC 2023","31391","","JIT-Web-012d-LOCALIZATION-UPDATE-page-sync-key","","JIT-Web-012d-LOCALIZATION-UPDATE-page-sync-key","[LOCALIZATION-UPDATE] As a user, I rename Page, auto-sync key of Text, Input and Textarea","[LOCALIZATION-UPDATE] As a user, I rename Page, auto-sync key of Text, Input and Textarea",""
"broken","Sun Sep 10 18:14:41 UTC 2023","Sun Sep 10 18:15:12 UTC 2023","31334","","JIT-Database-015m-INDEX-ALL-column-config","","JIT-Database-015m-INDEX-ALL-column-config","[INDEX-ALL] As a user, I config with multiple column and check show multiple on index pop-up","[INDEX-ALL] As a user, I config with multiple column and check show multiple on index pop-up",""
"broken","Sun Sep 10 17:22:24 UTC 2023","Sun Sep 10 17:22:56 UTC 2023","31950","","JIT-Database-011f-COLUMN-ENUM-duplicated","","JIT-Database-011f-COLUMN-ENUM-duplicated","[COLUMN] As a user, I should check counld not add duplicated item","[COLUMN] As a user, I should check counld not add duplicated item",""
"broken","Sun Sep 10 17:07:21 UTC 2023","Sun Sep 10 17:07:52 UTC 2023","31042","","JIT-Web-007b-ASSET-Rename-and-delete","","JIT-Web-007b-ASSET-Rename-and-delete","[ASSET] As a user, I can rename and delete image asset","[ASSET] As a user, I can rename and delete image asset",""
"broken","Sun Sep 10 17:40:04 UTC 2023","Sun Sep 10 17:40:35 UTC 2023","31174","","JIT-Database-001d-TABLE-update","","JIT-Database-001d-TABLE-update","[TABLE] As a user, I can update the value of the table","[TABLE] As a user, I can update the value of the table",""
"broken","Sun Sep 10 17:57:13 UTC 2023","Sun Sep 10 17:57:45 UTC 2023","31731","","JIT-API-005a-PUT-check-default","","JIT-API-005a-PUT-check-default","As a user, I check default value in API PUT","As a user, I check default value in API PUT",""
"broken","Sun Sep 10 17:14:51 UTC 2023","Sun Sep 10 17:15:22 UTC 2023","31590","","JIT-Web-011h-SETTING-PROJECT-VARIABLE-IMPORT-Auto","","JIT-Web-011h-SETTING-PROJECT-VARIABLE-IMPORT-Auto","[SETTING-PROJECT-VARIABLE-IMPORT] As a user, can import PV from Figma import","[SETTING-PROJECT-VARIABLE-IMPORT] As a user, can import PV from Figma import",""
"broken","Sun Sep 10 16:52:43 UTC 2023","Sun Sep 10 16:53:12 UTC 2023","28449","","JIT-Web-001a-PAGE-Create-new","","JIT-Web-001a-PAGE-Create-new","[PAGE] As a user, I can create new screen with positive and negative cases","[PAGE] As a user, I can create new screen with positive and negative cases",""
"broken","Sun Sep 10 17:21:42 UTC 2023","Sun Sep 10 17:22:14 UTC 2023","32419","","JIT-Database-011e-COLUMN-ENUM-delete-all","","JIT-Database-011e-COLUMN-ENUM-delete-all","[COLUMN] As a user, I should delete all items and check all items are not displayed","[COLUMN] As a user, I should delete all items and check all items are not displayed",""
"broken","Sun Sep 10 17:55:06 UTC 2023","Sun Sep 10 17:55:38 UTC 2023","31817","","JIT-Mobile-042a-ACTION-NAVIGATION-no-param","","JIT-Mobile-042a-ACTION-NAVIGATION-no-param","[MOBILE-ACTION-NAVIGATION] As a user, I could add action type navigation without params and check preview code","[MOBILE-ACTION-NAVIGATION] As a user, I could add action type navigation without params and check preview code",""
